title,artist
Rosa Parks,Outkast
Yeah,Usher/Ludacris
Turn Me On,
Sing For The Moment,Eminem
Dirt Off Your Shoulder,Jay-Z
Confessions Pt. 2,
Shake Ya' Tailfeather,Nelly/P. Diddy
Take My Breath Away,
Awnaw,Nappy Roots
Roses,
Back That Thang Up,Juvenile
Coo-Coo Chee,
Stand Up,Ludacris/Shawna
Burn,
In Da Wind,Trick Daddy
Move Ya Body,
Tipsy,J-Kwon (Jay-Kwon)
I Don't Want To Know,Mario Wynans (Why-Nans)/P.
Hot In Herre,Nelly
Ignition,R. Kelly
99 Problems,
Superman,
Yeah,Usher/Ludacris
Overnight Celebrity,
Ugly,Bubba Sparxx
Confessions Pt. 2,
Salt Shaker,Ying Yang Twins/Lil John &
Slow Motion,
Killing Me Softly,Fugees
What's Happenin',
Dirt Off Your Shoulder,Jay-Z
Burn,
My Boo,Ghost Town Djs
On Fire,
Toxic,Britney Spears
Turn Me On,
Raise Up,Petey Pablo
Yeah,Usher/Ludacris
Time After Time,Inoj
I Don't Want To Know,Mario Wynans (Why-Nans)/P.
Damn!,Youngbloodz/Lil' John
Roses,
Coo-Coo Chee,
With You,Jessica Simpson
Still Fly,Big Tymers
Salt Shaker,Ying Yang Twins/Lil John &
Roses,
Baby Got Back,Sir Mix Alot
Overnight Celebrity,
Toxic,Britney Spears
Slow Motion,
With You,Jessica Simpson
Awnaw,Nappy Roots
Burn,
Hey Ya!,Outkast
Turn Me On,
Take It To Da House,Trick Daddy
Freek-A-Leek,
Wanna Be A Baller,Lil' Troy
Dirt Off Your Shoulder,Jay-Z
Baby Boy,Beyonce' Knowles/Sean Paul
Yeah,Usher/Ludacris
What's Happenin',
Sing For The Moment,Eminem
Confessions Pt. 2,
Roses,
Country Grammar,Nelly
Take My Breath Away,
In Da Club,50 Cent
Naughty Girl,
Suga Suga,Baby Bash/Frankie J
Yeah,Usher/Ludacris
Coo-Coo Chee,
"So Fresh, So Clean",Outkast
I Don't Want To Know,Mario Wynans (Why-Nans)/P.
Slow Motion,
Sunshine,
Sing For The Moment,Eminem
Dirt Off Your Shoulder,Jay-Z
Baby Boy,Beyonce' Knowles/Sean Paul
Freek-A-Leek,
Bombs Over Bagdad,Outkast
With You,Jessica Simpson
Stand Up,Ludacris/Shawna
Burn,
Coo-Coo Chee,
Raise Up,Petey Pablo
Naughty Girl,
Roses,
My Boo,Ghost Town Djs
Get Low,Lil John & The Easts/Ying
Turn Me On,
In Da Club,50 Cent
Slow Motion,
Big Pimpin',Jay-Z
Take My Breath Away,
Awnaw,Nappy Roots
Yeah,Usher/Ludacris
I Like That,
Hey Ya!,Outkast
I Don't Want To Know,Mario Wynans (Why-Nans)/P.
Slow Motion,
The Way You Move,Outkast
Move Ya Body,
Sunshine,
Still Fly,Big Tymers
Turn Me On,
Ugly,Bubba Sparxx
Overnight Celebrity,
Stand Up,Ludacris/Shawna
Lean Back,
Swing My Way,K.P. & Envyi
Freek-A-Leek,
My Place,
Yeah,Usher/Ludacris
Naughty Girl,
Slow Motion,
Hard Knock Life,Jay-Z
I Don't Want To Know,Mario Wynans (Why-Nans)/P.
In Da Wind,Trick Daddy
I Like That,
Gin And Juice,Snoop Dogg
Confessions Pt. 2,
Salt Shaker,Ying Yang Twins/Lil John &
Move Ya Body,
Goodies,
Awnaw,Nappy Roots
My Place,
Toxic,Britney Spears
Yeah,Usher/Ludacris
Freek-A-Leek,
Head Sprung,
The Way You Move,Outkast
Overnight Celebrity,
Baby Boy,Beyonce' Knowles/Sean Paul
What's Happenin',
Move Ya Body,
Ugly,Bubba Sparxx
Goodies,
Roses,
In Da Club,50 Cent
Dip It Low,
Salt Shaker,Ying Yang Twins/Lil John &
Slow Motion,
Hard Knock Life,Jay-Z
Shake That Sh,
Suga Suga,Baby Bash/Frankie J
Lean Back,
Hey Ya!,Outkast
I Like That,
Get Low,Lil John & The Easts/Ying
Sunshine,
Raise Up,Petey Pablo
Pony,Ginuwine
Head Sprung,
P.I.M.P.,50 Cent/Snoop Dogg
Turn Me On,
Goodies,
Are You That Somebody,Aaliyah
Lean Back,
Tipsy,J-Kwon (Jay-Kwon)
Slow Motion,
Gotta Get Through This,Daniel Bedingfield
I Like That,
Hey Ya!,Outkast
What's Happenin',
My Place,
Yeah,Usher/Ludacris
Ignition,R. Kelly
Freek-A-Leek,
Back That Thang Up,Juvenile
Burn,
Salt Shaker,Ying Yang Twins/Lil John &
Move Ya Body,
Baby Boy,Beyonce' Knowles/Sean Paul
Goodies,
Shake Ya' A,Mystikal
My Boo,
Hey Ya!,Outkast
Balla Baby,
Damn!,Youngbloodz/Lil' John
Leave (Get Out),
What's Your Fantasy,Ludacris
Let's Get It Started,
Confessions Pt. 2,
What's Happenin',
Locked Up,
Right Thurr,Chingy
Pieces Of Me,
Slow Motion,
Freek-A-Leek,
Let's Go,
Gimme The Light,Sean Paul
I Like That,
Burn,
Lean Back - Remix,
Hypnotize,Notorious B.I.G.
Move Ya Body,
Crazy In Love,Beyonce' Knowles/Jay-Z
Goodies,
Over And Over,
Just Lose It,
Shake Ya' Tailfeather,Nelly/P. Diddy
My Boo,
Lean Back - Remix,
Overnight Celebrity,
Goodies,
Get Low,Lil John & The Easts/Ying
Let's Get It Started,
Roll Out,
Leave (Get Out),
Dirt Off Your Shoulder,Jay-Z
Over And Over,
I Like That,
What's Happenin',
Move Ya Body,
Yeah,Usher/Ludacris
Lose My Breath,
P.I.M.P.,50 Cent/Snoop Dogg
Slow Motion,
Just Lose It,
The Way You Move,Outkast
In Da Club,
Lean Back - Remix,
P.I.M.P.,50 Cent/Snoop Dogg
My Boo,
What's Your Fantasy,Ludacris
Slow Motion,
Roses,
Over And Over,
Drop It Like It's Hot,
Get Busy,Sean Paul
I Like That,
Let's Go,
Roll Out,
Just Lose It,
I Don't Want To Know,Mario Wynans (Why-Nans)/P.
Goodies,
Bombs Over Bagdad,Outkast
Lose My Breath,
One Call Away,Chingy
Lean Back - Remix,
Get Back,
Dip It Low,
Overnight Celebrity,
My Boo,
Move Ya Body,
Damn!,Youngbloodz/Lil' John
Lean Back,Terror Squad/Eminem
Lovers And Friends,Lil John & The Eastside Bo
I Like That,Houston/Chingy
Just Lose It,Eminem
Still D.R.E.,Dr. Dre/Snoop Dogg
Wonderful,
Freek-A-Leek,Petey Pablo
My Boo,Usher/Alicia Keys
Roses,Outkast
Let's Go,Trick Daddy/Twista
Let's Get Married,Jagged Edge/Run D.M.C.
Get Back,Ludacris
Dirt Off Your Shoulder,Jay-Z
Goodies,Ciara/Petey Pablo
Drop It Like It's Hot,Snoop Dogg/Pharrell
Baby Boy,Beyonce'/Sean Paul
Slow Motion,Juvenile
Let Me Love You,Mario
Tipsy,J-Kwon
Let Me Blow Ya Mind,Eve/Gwen Stefani
What's Happenin',Ying Yang Twins/Trick Dadd
Burn,Usher
Hey Now (Mean Muggin'),
The Way You Move,Outkast
Over And Over,Nelly/Tim Mcgraw
In Da Club,50 Cent
"1,2 Step",Ciara/Missy Elliott
Confessions Pt. 2,Usher
